{"cameraMode":{"drawMode":0,"name":"Shaded","section":"Shading Mode"},"sceneLighting":true,"audioPlay":false,"sceneViewState":{"showFog":true,"showMaterialUpdate":false,"showSkybox":true,"showFlares":true,"showImageEffects":true,"showParticleSystems":true},"in2DMode":false,"pivot":{"x":51.714839935302737,"y":-4.643650054931641,"z":28.738672256469728},"rotation":{"x":0.16040372848510743,"y":0.3817543089389801,"z":-0.06745787709951401,"w":0.9077355265617371},"size":27.466421127319337,"orthographic":false}